{"cameraMode":{"drawMode":0,"name":"Shaded","section":"Shading Mode"},"sceneLighting":true,"audioPlay":false,"sceneViewState":{"showFog":true,"showMaterialUpdate":false,"showSkybox":true,"showFlares":true,"showImageEffects":true,"showParticleSystems":true},"in2DMode":false,"pivot":{"x":4.501584529876709,"y":0.17165279388427735,"z":14.316322326660157},"rotation":{"x":-0.1777084469795227,"y":-0.04073058441281319,"z":0.007364031858742237,"w":-0.9832299947738648},"size":22.36983871459961,"orthographic":false}