{"cameraMode":{"drawMode":0,"name":"Shaded","section":"Shading Mode"},"sceneLighting":true,"audioPlay":false,"sceneViewState":{"showFog":true,"showMaterialUpdate":false,"showSkybox":true,"showFlares":true,"showImageEffects":true,"showParticleSystems":true,"showVisualEffectGraphs":true,"m_FxEnabled":true},"in2DMode":false,"pivot":{"x":-0.4399986267089844,"y":10.40999984741211,"z":14.199999809265137},"rotation":{"x":-0.07131791114807129,"y":0.023346617817878724,"z":-0.0016412604600191117,"w":-0.9971712231636047},"size":61.75581741333008,"orthographic":false}